,mean_fit_time,std_fit_time,mean_score_time,std_score_time,param_colsample_bytree,param_gamma,param_learning_rate,param_max_depth,param_n_estimators,param_subsample,params,split0_test_score,split1_test_score,split2_test_score,split3_test_score,split4_test_score,mean_test_score,std_test_score,rank_test_score,split0_train_score,split1_train_score,split2_train_score,split3_train_score,split4_train_score,mean_train_score,std_train_score
0,0.44407339096069337,0.02730731008015506,0.005486011505126953,0.0013390401974377934,0.7575757575757576,0.09292929292929293,0.08535353535353536,4,171,0.8818181818181818,"{'colsample_bytree': 0.7575757575757576, 'gamma': 0.09292929292929293, 'learning_rate': 0.08535353535353536, 'max_depth': 4, 'n_estimators': 171, 'subsample': 0.8818181818181818}",0.8508495909376966,0.8535242290748899,0.8519509125235998,0.8539732494099135,0.8564909520062942,0.8533577867904789,0.0019232037426272388,40,0.8645267878215719,0.8652348359688459,0.8658248760915742,0.8638634307516816,0.8667741808598514,0.865244822298705,0.0010098827510654127
1,0.42706913948059083,0.016229529022256918,0.006317758560180664,0.0005128545927018539,0.601010101010101,0.08282828282828283,0.26717171717171717,4,187,1.0,"{'colsample_bytree': 0.601010101010101, 'gamma': 0.08282828282828283, 'learning_rate': 0.26717171717171717, 'max_depth': 4, 'n_estimators': 187, 'subsample': 1.0}",0.8875078665827565,0.8870358716173694,0.8875078665827565,0.8909520062942565,0.8926829268292683,0.8891373075812815,0.002262332261907577,33,0.9116119896152939,0.9139328140980253,0.9134214459916608,0.9152342367147859,0.9147622231837312,0.9137925419206994,0.0012594413412351673
2,1.3658666133880615,0.15406858262726655,0.01780672073364258,0.006724569404649451,0.6161616161616161,0.00202020202020202,0.10303030303030303,6,357,0.9636363636363636,"{'colsample_bytree': 0.6161616161616161, 'gamma': 0.00202020202020202, 'learning_rate': 0.10303030303030303, 'max_depth': 6, 'n_estimators': 357, 'subsample': 0.9636363636363636}",0.9232221522970422,0.9183448709880428,0.9225928256765261,0.9189614476789929,0.9208497246262786,0.9207942042533765,0.0019230851954074358,21,0.959719927621745,0.9610573518999292,0.9592872315317441,0.9615702316799748,0.9614522282972112,0.9606173942061208,0.0009352207219629663
3,2.3868191719055174,0.18868325582400491,0.02150702476501465,0.0025619388735753437,0.6464646464646464,0.03737373737373737,0.05252525252525253,9,376,0.7969696969696969,"{'colsample_bytree': 0.6464646464646464, 'gamma': 0.03737373737373737, 'learning_rate': 0.05252525252525253, 'max_depth': 9, 'n_estimators': 376, 'subsample': 0.7969696969696969}",0.9422592825676526,0.9416299559471366,0.9419446192573946,0.9342250196695515,0.9417781274586939,0.9403674009800858,0.003078307192010658,10,0.9853276689481552,0.9857997010463379,0.9847769648336087,0.9860756008338906,0.9863902765212603,0.9856740424366505,0.0005682874828730909
4,1.280005121231079,0.08026720653453222,0.014552640914916991,0.0021359876745907077,0.8787878787878789,0.05757575757575758,0.10303030303030303,6,335,0.9666666666666667,"{'colsample_bytree': 0.8787878787878789, 'gamma': 0.05757575757575758, 'learning_rate': 0.10303030303030303, 'max_depth': 6, 'n_estimators': 335, 'subsample': 0.9666666666666667}",0.9262114537444934,0.9252674638137193,0.9288860918816866,0.9247836349331235,0.9265145554681353,0.9263326399682317,0.0014214016225675156,18,0.9648729446935725,0.9669577531272127,0.9655023208244827,0.9672343940526295,0.9667623805215749,0.9662659586438945,0.0009150422956026006
5,0.8178318500518799,0.025454888286585955,0.008728837966918946,0.0010770273149401173,0.7424242424242424,0.09090909090909091,0.19646464646464645,8,269,0.9757575757575758,"{'colsample_bytree': 0.7424242424242424, 'gamma': 0.09090909090909091, 'learning_rate': 0.19646464646464645, 'max_depth': 8, 'n_estimators': 269, 'subsample': 0.9757575757575758}",0.9413152926368785,0.9395846444304594,0.9389553178099433,0.9345397324940992,0.9383162863886704,0.93854225475201,0.0022368809788983076,13,0.9830461804736056,0.9850129808827001,0.9837148926126976,0.9846202257798057,0.9848562325453329,0.9842501024588284,0.0007512983654985985
6,1.2073301792144775,0.041757698033278924,0.01546783447265625,0.002662341527132153,0.797979797979798,0.0797979797979798,0.08535353535353536,7,274,0.8848484848484848,"{'colsample_bytree': 0.797979797979798, 'gamma': 0.0797979797979798, 'learning_rate': 0.08535353535353536, 'max_depth': 7, 'n_estimators': 274, 'subsample': 0.8848484848484848}",0.9314033983637507,0.9271554436752675,0.9318753933291378,0.9298190401258851,0.9309205350118017,0.9302347621011686,0.0016842026454198294,17,0.9694359216426717,0.9705373298717647,0.9693965856344898,0.9718365259804115,0.9724265428942296,0.9707265812047133,0.0012322624346988045
7,0.4351786136627197,0.03011050153612629,0.004155302047729492,0.0007363893141698933,0.7525252525252526,0.05454545454545454,0.2090909090909091,2,230,0.8515151515151516,"{'colsample_bytree': 0.7525252525252526, 'gamma': 0.05454545454545454, 'learning_rate': 0.2090909090909091, 'max_depth': 2, 'n_estimators': 230, 'subsample': 0.8515151515151516}",0.8344870988042794,0.8426683448709881,0.8324417872876023,0.8410700236034618,0.8415420928402833,0.8384418694813232,0.004147839693720347,46,0.8448587837306271,0.845252143812446,0.848084336401542,0.8467922747118751,0.8460055854934508,0.8461986248299882,0.001152093137460004
8,2.008844232559204,0.06068580534857768,0.022527408599853516,0.0011616431061455754,0.5303030303030303,0.0202020202020202,0.2318181818181818,8,373,0.709090909090909,"{'colsample_bytree': 0.5303030303030303, 'gamma': 0.0202020202020202, 'learning_rate': 0.2318181818181818, 'max_depth': 8, 'n_estimators': 373, 'subsample': 0.709090909090909}",0.9402139710509755,0.9394273127753304,0.9427312775330396,0.9350118017309206,0.9400472069236822,0.9394863140027896,0.0025059375561686686,12,0.992486822437259,0.9922508063881678,0.9915427582408937,0.9926837902686544,0.9926837902686544,0.9923295935207259,0.000424487638106419
9,0.9454720973968506,0.03987081705218159,0.008041715621948243,0.0009559765992316205,0.9444444444444444,0.0595959595959596,0.08282828282828283,3,364,0.9696969696969697,"{'colsample_bytree': 0.9444444444444444, 'gamma': 0.0595959595959596, 'learning_rate': 0.08282828282828283, 'max_depth': 3, 'n_estimators': 364, 'subsample': 0.9696969696969697}",0.8521082441787288,0.8536815607300189,0.8486469477658904,0.857435090479937,0.8544453186467349,0.853263432360262,0.0028851623087799727,41,0.8642514357642986,0.8646447958461175,0.8646841318542994,0.8650827990402391,0.8642961098218149,0.8645918544653538,0.0003018921224964684
10,1.651337194442749,0.13818175315797732,0.013483381271362305,0.0005787941390919311,0.7626262626262627,0.00101010101010101,0.2595959595959596,5,466,0.8787878787878788,"{'colsample_bytree': 0.7626262626262627, 'gamma': 0.00101010101010101, 'learning_rate': 0.2595959595959596, 'max_depth': 5, 'n_estimators': 466, 'subsample': 0.8787878787878788}",0.9397419760855884,0.9356513530522341,0.9378539962240403,0.9345397324940992,0.9320220298977183,0.935961817550736,0.002664979532541874,14,0.9847376288254268,0.9852883329399732,0.9840689166863347,0.9854855839200723,0.9846988947016481,0.9848558714146909,0.0004982933981338924
11,0.7584985733032227,0.03137538478896073,0.00950617790222168,0.0007597787683952129,0.8535353535353536,0.043434343434343436,0.06767676767676768,8,134,0.9333333333333333,"{'colsample_bytree': 0.8535353535353536, 'gamma': 0.043434343434343436, 'learning_rate': 0.06767676767676768, 'max_depth': 8, 'n_estimators': 134, 'subsample': 0.9333333333333333}",0.9112649465072372,0.9147262429200755,0.9129955947136564,0.9132966168371361,0.9106215578284815,0.9125809917613175,0.0014735992561967159,24,0.9428447801117142,0.9466997089135395,0.9450475965699001,0.9477245014357079,0.9445384101010895,0.9453709994263904,0.001701999942839907
12,3.198082447052002,0.2058167870810709,0.0385530948638916,0.004132145256434559,0.9040404040404041,0.03535353535353535,0.17373737373737375,9,487,0.703030303030303,"{'colsample_bytree': 0.9040404040404041, 'gamma': 0.03535353535353535, 'learning_rate': 0.17373737373737375, 'max_depth': 9, 'n_estimators': 487, 'subsample': 0.703030303030303}",0.9485525487728131,0.947136563876652,0.9499685336689742,0.9442958300550748,0.9463414634146341,0.9472589879576298,0.0019314285512293423,4,0.9932735426008968,0.9933128786090788,0.9928408465108961,0.993352476104315,0.9935491484089211,0.9932657784468215,0.00023266322304035832
13,1.4011393070220948,0.08915865799081037,0.014775657653808593,0.0015884277828137816,0.5252525252525253,0.05353535353535353,0.05757575757575758,7,290,0.7515151515151515,"{'colsample_bytree': 0.5252525252525253, 'gamma': 0.05353535353535353, 'learning_rate': 0.05757575757575758, 'max_depth': 7, 'n_estimators': 290, 'subsample': 0.7515151515151515}",0.9046570169918188,0.907016991818754,0.9026117054751416,0.9052714398111723,0.9079464988198269,0.9055007305833428,0.001865032083324422,27,0.9413893478089843,0.9406026276453465,0.9382031311462513,0.9434370451952956,0.9397396058687015,0.9406743515329158,0.0017395125707638265
14,0.9311249732971192,0.06980562943245384,0.00736384391784668,0.001503870869425394,0.9494949494949496,0.043434343434343436,0.13333333333333336,3,369,0.9848484848484849,"{'colsample_bytree': 0.9494949494949496, 'gamma': 0.043434343434343436, 'learning_rate': 0.13333333333333336, 'max_depth': 3, 'n_estimators': 369, 'subsample': 0.9848484848484849}",0.8670547514159849,0.8650094398993078,0.8629641283826306,0.8698662470495673,0.8679779701022816,0.8665745073699546,0.0023883117352180997,36,0.8819133034379671,0.8828967036425144,0.8810479112579656,0.8823112929237305,0.8832946544467608,0.8822927731417878,0.0007826262897701154
15,1.4713222980499268,0.024674966108180544,0.016129684448242188,0.001038345440421825,0.7373737373737375,0.014141414141414142,0.22929292929292933,7,314,0.8848484848484848,"{'colsample_bytree': 0.7373737373737375, 'gamma': 0.014141414141414142, 'learning_rate': 0.22929292929292933, 'max_depth': 7, 'n_estimators': 314, 'subsample': 0.8848484848484848}",0.9450912523599748,0.9432032724984267,0.9457205789804909,0.9406766325727773,0.9425649095200629,0.9434513291863466,0.0018102516889192944,7,0.9922901423963496,0.9924081504208953,0.9916607662654394,0.992251111198521,0.9923297801203634,0.9921879900803138,0.000268685434375638
16,1.662203073501587,0.038357143806145924,0.017783498764038085,0.004915358032975463,0.696969696969697,0.08484848484848485,0.2494949494949495,6,437,0.8575757575757575,"{'colsample_bytree': 0.696969696969697, 'gamma': 0.08484848484848485, 'learning_rate': 0.2494949494949495, 'max_depth': 6, 'n_estimators': 437, 'subsample': 0.8575757575757575}",0.9421019509125236,0.9383259911894273,0.9419446192573946,0.9365853658536586,0.9400472069236822,0.9398010268273372,0.0021197193409775036,11,0.989300605774526,0.9901266619463457,0.9887105656517976,0.9899303780041695,0.9900877158478543,0.9896311854449387,0.0005477694554728521
17,1.04983549118042,0.07920149605632121,0.010668516159057617,0.0008004587984565968,0.6161616161616161,0.025252525252525252,0.27222222222222225,5,287,0.8212121212121212,"{'colsample_bytree': 0.6161616161616161, 'gamma': 0.025252525252525252, 'learning_rate': 0.27222222222222225, 'max_depth': 5, 'n_estimators': 287, 'subsample': 0.8212121212121212}",0.9227501573316551,0.9197608558842039,0.9257394587791064,0.9219512195121952,0.9241542092840284,0.9228711801582378,0.002020310728032916,20,0.9658170088899378,0.966839745102667,0.9667217370781213,0.9691224481768478,0.9677850765055265,0.9672572031506201,0.0011218684354047524
18,1.049377727508545,0.21333528099476162,0.006449651718139648,0.00016035952101360403,0.6414141414141414,0.014141414141414142,0.16111111111111112,2,444,0.9121212121212121,"{'colsample_bytree': 0.6414141414141414, 'gamma': 0.014141414141414142, 'learning_rate': 0.16111111111111112, 'max_depth': 2, 'n_estimators': 444, 'subsample': 0.9121212121212121}",0.8399937067337948,0.8484896161107615,0.841252359974827,0.8464201416207711,0.8470495672698662,0.844641078342004,0.003372198186936143,45,0.8528046573833687,0.854142081661553,0.8554795059397372,0.8524171026236086,0.8535971364512449,0.8536880968119025,0.0010788340136256005
19,0.8776787757873535,0.04102352064546494,0.009067249298095704,0.000895187307530226,0.5404040404040404,0.08787878787878788,0.05,5,235,0.9636363636363636,"{'colsample_bytree': 0.5404040404040404, 'gamma': 0.08787878787878788, 'learning_rate': 0.05, 'max_depth': 5, 'n_estimators': 235, 'subsample': 0.9636363636363636}",0.8557268722466961,0.8617054751415985,0.8516362492133417,0.8564909520062942,0.8594807238394965,0.8570080544894854,0.0034335104292705734,38,0.8694437888443081,0.8715285972779482,0.870899221147038,0.8703142823427605,0.8691342485151241,0.8702640276254356,0.0008893059370898928
20,1.9217269897460938,0.20207101369432373,0.023372840881347657,0.0027660565718535006,0.8131313131313131,0.0101010101010101,0.25202020202020203,9,262,0.803030303030303,"{'colsample_bytree': 0.8131313131313131, 'gamma': 0.0101010101010101, 'learning_rate': 0.25202020202020203, 'max_depth': 9, 'n_estimators': 262, 'subsample': 0.803030303030303}",0.9485525487728131,0.9460352422907489,0.9491818753933291,0.9439811172305271,0.9468135326514555,0.9469128632677748,0.0018553816081290126,5,0.993234206592715,0.9933128786090788,0.9928408465108961,0.993352476104315,0.9935491484089211,0.9932579112451853,0.0002329325706520762
21,0.9290390968322754,0.024315769680443848,0.00973372459411621,0.0012564661778806227,0.6616161616161617,0.00404040404040404,0.15101010101010104,5,234,0.9181818181818182,"{'colsample_bytree': 0.6616161616161617, 'gamma': 0.00404040404040404, 'learning_rate': 0.15101010101010104, 'max_depth': 5, 'n_estimators': 234, 'subsample': 0.9181818181818182}",0.9038703587161737,0.9052863436123348,0.9062303335431089,0.9068450039339103,0.9088906372934697,0.9062245354197994,0.0016682605201534307,26,0.9375344190071592,0.9385178192117064,0.938321139170797,0.9405262950871258,0.9373008692915864,0.938440108353675,0.001139342491416661
22,0.3327777862548828,0.01788223159059101,0.00387425422668457,0.0008396530646380078,0.8585858585858586,0.011111111111111112,0.13333333333333336,2,147,0.7666666666666666,"{'colsample_bytree': 0.8585858585858586, 'gamma': 0.011111111111111112, 'learning_rate': 0.13333333333333336, 'max_depth': 2, 'n_estimators': 147, 'subsample': 0.7666666666666666}",0.8189112649465072,0.8241032095657647,0.8110446821900567,0.8185680566483085,0.8214004720692368,0.8188055370839746,0.004361134378226463,50,0.8233813232633153,0.8225552670914955,0.8246400755251357,0.8233096015419109,0.8217362231050623,0.8231244981053839,0.0009642125059251683
23,0.818396806716919,0.02702347764529439,0.006960487365722657,0.00048058528287738423,0.8080808080808082,0.08787878787878788,0.14090909090909093,4,271,0.9575757575757575,"{'colsample_bytree': 0.8080808080808082, 'gamma': 0.08787878787878788, 'learning_rate': 0.14090909090909093, 'max_depth': 4, 'n_estimators': 271, 'subsample': 0.9575757575757575}",0.8862492133417244,0.8837319068596602,0.8854625550660793,0.8926829268292683,0.8890637293469709,0.8874380662887406,0.003136972301526771,34,0.9096058531980175,0.9103925733616552,0.9105892534025647,0.9094914054202887,0.9096487432639736,0.9099455657293,0.0004525305316132394
24,0.5855656623840332,0.021873545843846046,0.0059168338775634766,0.0008639844694550656,0.9545454545454546,0.03434343434343434,0.21161616161616165,4,200,0.8393939393939394,"{'colsample_bytree': 0.9545454545454546, 'gamma': 0.03434343434343434, 'learning_rate': 0.21161616161616165, 'max_depth': 4, 'n_estimators': 200, 'subsample': 0.8393939393939394}",0.8955317809943361,0.8960037759597231,0.8939584644430459,0.8978756884343037,0.8991345397324941,0.8965008499127807,0.0018152908299745119,30,0.9205805994807646,0.9208559515380379,0.9203445834316734,0.9218030916886284,0.9205050544782284,0.9208178561234664,0.00051966585495647
25,1.3085105419158936,0.05560584448105374,0.012640047073364257,0.0007359048949887271,0.8888888888888888,0.00202020202020202,0.05,6,317,0.7393939393939394,"{'colsample_bytree': 0.8888888888888888, 'gamma': 0.00202020202020202, 'learning_rate': 0.05, 'max_depth': 6, 'n_estimators': 317, 'subsample': 0.7393939393939394}",0.9029263687853997,0.9049716803020768,0.9008810572687225,0.9079464988198269,0.9059008654602675,0.9045252941272588,0.0024344659861114545,28,0.9319880418535127,0.9347022264180631,0.9316733537880576,0.934468788105259,0.9318333792235377,0.932933157877686,0.0013548156647973765
26,2.7016258239746094,0.23445220146427753,0.027517318725585938,0.0011548674269463149,0.6313131313131313,0.00808080808080808,0.246969696969697,8,445,0.8242424242424242,"{'colsample_bytree': 0.6313131313131313, 'gamma': 0.00808080808080808, 'learning_rate': 0.246969696969697, 'max_depth': 8, 'n_estimators': 445, 'subsample': 0.8242424242424242}",0.9435179358086847,0.9432032724984267,0.947136563876652,0.9391030684500393,0.9438237608182534,0.9433569202904112,0.002555325217595172,8,0.993234206592715,0.9933128786090788,0.9928408465108961,0.9932738071824726,0.9934704794870787,0.9932264436764482,0.00020881245801083253
27,1.988121461868286,0.07439990543027032,0.020666790008544923,0.0029809122965239647,0.8838383838383839,0.050505050505050504,0.20656565656565656,9,330,0.8545454545454545,"{'colsample_bytree': 0.8838383838383839, 'gamma': 0.050505050505050504, 'learning_rate': 0.20656565656565656, 'max_depth': 9, 'n_estimators': 330, 'subsample': 0.8545454545454545}",0.9493392070484582,0.9490245437382001,0.9488672120830711,0.9461841070023603,0.9450826121164437,0.9476995363977068,0.0017293033133393403,1,0.993194870584533,0.9933128786090788,0.9928015105027141,0.993352476104315,0.9935098139479999,0.9932343099497281,0.00023870884032574897
28,1.4450300216674805,0.05276471331904902,0.01407480239868164,0.0018774289200430196,0.9797979797979799,0.0030303030303030303,0.28484848484848485,6,330,0.7424242424242424,"{'colsample_bytree': 0.9797979797979799, 'gamma': 0.0030303030303030303, 'learning_rate': 0.28484848484848485, 'max_depth': 6, 'n_estimators': 330, 'subsample': 0.7424242424242424}",0.9469792322215229,0.9422592825676526,0.9439899307740718,0.9376868607395752,0.9419354838709677,0.9425701580347582,0.003026606586230392,9,0.9917394382818031,0.9918574463063489,0.9911100621508929,0.9919364355111513,0.991700428745624,0.991668762199164,0.0002916828130056401
29,1.119153118133545,0.1106738452419795,0.014348840713500977,0.0026715493995417435,0.7121212121212122,0.028282828282828285,0.1383838383838384,6,259,0.9121212121212121,"{'colsample_bytree': 0.7121212121212122, 'gamma': 0.028282828282828285, 'learning_rate': 0.1383838383838384, 'max_depth': 6, 'n_estimators': 259, 'subsample': 0.9121212121212121}",0.9238514789175583,0.921019509125236,0.9243234738829452,0.9222659323367427,0.9260424862313139,0.9235005760987592,0.0017286780625459161,19,0.9633388403744788,0.9647549366690268,0.9635355204153883,0.9654250088502537,0.9655823466939386,0.9645273306006172,0.0009345465403675612
30,0.7461976051330567,0.017528623910181125,0.006722879409790039,0.0012125227065799464,0.7929292929292929,0.08585858585858586,0.1181818181818182,3,269,0.8333333333333333,"{'colsample_bytree': 0.7929292929292929, 'gamma': 0.08585858585858586, 'learning_rate': 0.1181818181818182, 'max_depth': 3, 'n_estimators': 269, 'subsample': 0.8333333333333333}",0.8519509125235998,0.854310887350535,0.8532095657646318,0.855861526357199,0.8572777340676633,0.8545221252127257,0.0018849903988695789,39,0.8659428841161199,0.8662182361733931,0.8664149162143026,0.8658694882586634,0.8657121504149785,0.8660315350354914,0.0002521757809014787
31,0.4949228286743164,0.0401263791697231,0.006129598617553711,0.000857532292101036,0.8080808080808082,0.05656565656565657,0.06262626262626263,5,127,0.8303030303030303,"{'colsample_bytree': 0.8080808080808082, 'gamma': 0.05656565656565657, 'learning_rate': 0.06262626262626263, 'max_depth': 5, 'n_estimators': 127, 'subsample': 0.8303030303030303}",0.8513215859030837,0.8574575204531152,0.8472309628697294,0.8541306058221872,0.854287962234461,0.8528857274565154,0.0034304570264819595,42,0.8639760837070254,0.8652348359688459,0.8657462040752104,0.8664201707115604,0.8654761436494512,0.8653706876224186,0.0008021127211256552
32,0.7588942527770997,0.04777268717535673,0.007741022109985352,0.0009243621990013558,0.9191919191919192,0.029292929292929294,0.20404040404040408,4,227,0.9757575757575758,"{'colsample_bytree': 0.9191919191919192, 'gamma': 0.029292929292929294, 'learning_rate': 0.20404040404040408, 'max_depth': 4, 'n_estimators': 227, 'subsample': 0.9757575757575758}",0.8960037759597231,0.895059786028949,0.893801132787917,0.8986624704956727,0.8977183320220299,0.8962490994588583,0.0017578506740817718,31,0.9219180237589489,0.9225473998898592,0.9229407599716781,0.9233371356645557,0.9215277504621799,0.9224542139494444,0.0006589075686126639
33,1.112398624420166,0.04367076903904971,0.0074307918548583984,0.0007497999204791718,0.9444444444444444,0.06161616161616162,0.2924242424242424,2,476,0.7787878787878788,"{'colsample_bytree': 0.9444444444444444, 'gamma': 0.06161616161616162, 'learning_rate': 0.2924242424242424, 'max_depth': 2, 'n_estimators': 476, 'subsample': 0.7787878787878788}",0.8585588420390182,0.8607614852108244,0.8547828823159219,0.8634146341463415,0.86294256490952,0.8600920817243252,0.003167053277248485,37,0.8760522382188656,0.8752261820470458,0.8735347336952246,0.875388427801597,0.8740117216693545,0.8748426606864175,0.0009283491637785066
34,1.8136152744293212,0.0836970221053943,0.01804323196411133,0.0013475206448377152,0.8080808080808082,0.07676767676767676,0.05505050505050505,8,297,0.9151515151515152,"{'colsample_bytree': 0.8080808080808082, 'gamma': 0.07676767676767676, 'learning_rate': 0.05505050505050505, 'max_depth': 8, 'n_estimators': 297, 'subsample': 0.9151515151515152}",0.9309314033983638,0.9299874134675897,0.93313404657017,0.9306058221872542,0.9309205350118017,0.9311158441270357,0.001065718843466304,16,0.970773345920856,0.9716780741090394,0.9712060420108567,0.9732525665735751,0.9719545293631751,0.9717729115955004,0.0008428322111115619
35,1.4674167156219482,0.07671964643714574,0.01392059326171875,0.0013894970186144864,0.6313131313131313,0.00808080808080808,0.20404040404040408,6,324,0.8515151515151516,"{'colsample_bytree': 0.6313131313131313, 'gamma': 0.00808080808080808, 'learning_rate': 0.20404040404040408, 'max_depth': 6, 'n_estimators': 324, 'subsample': 0.8515151515151516}",0.9320327249842668,0.9321900566393958,0.9364380113278792,0.9306058221872542,0.9334382376081826,0.9329409705493956,0.00196561788321895,15,0.9807646919990559,0.9811580520808748,0.9807253559908741,0.9817488101325571,0.9814341344451875,0.9811662089297097,0.00039162276156215074
36,1.498950433731079,0.09066011204932967,0.012279510498046875,0.0009569368941039462,0.7171717171717171,0.023232323232323233,0.246969696969697,4,473,0.793939393939394,"{'colsample_bytree': 0.7171717171717171, 'gamma': 0.023232323232323233, 'learning_rate': 0.246969696969697, 'max_depth': 4, 'n_estimators': 473, 'subsample': 0.793939393939394}",0.9180302076777848,0.9147262429200755,0.9183448709880428,0.9162863886703383,0.9178599527930763,0.9170495326098635,0.0013620917466378283,22,0.9576744551962867,0.9580678152781056,0.9565337109590119,0.9585021437281203,0.9562207449946899,0.9573997740312429,0.0008805819113121195
37,0.9468520641326904,0.027646092463415674,0.006351947784423828,0.0007313994539474621,0.9797979797979799,0.08787878787878788,0.17878787878787883,2,417,0.8727272727272727,"{'colsample_bytree': 0.9797979797979799, 'gamma': 0.08787878787878788, 'learning_rate': 0.17878787878787883, 'max_depth': 2, 'n_estimators': 417, 'subsample': 0.8727272727272727}",0.8415670232850849,0.8500629326620516,0.8451856513530522,0.8509834775767112,0.851927616050354,0.8479453401854509,0.0039464365369908105,43,0.8571316182833766,0.8578003304224687,0.8596884588151994,0.857294575777839,0.8565865554812572,0.8577003077560283,0.0010668851345738385
38,1.5628554821014404,0.13840683539506163,0.009923219680786133,0.0006714256469050583,0.7575757575757576,0.011111111111111112,0.14595959595959596,3,486,0.8666666666666667,"{'colsample_bytree': 0.7575757575757576, 'gamma': 0.011111111111111112, 'learning_rate': 0.14595959595959596, 'max_depth': 3, 'n_estimators': 486, 'subsample': 0.8666666666666667}",0.8782252989301448,0.8777533039647577,0.8746066708621775,0.8797797010228167,0.8808811959087333,0.878249234137726,0.002134682107359311,35,0.8982377468334514,0.8992604830461804,0.8983950908661789,0.8993037800416945,0.8972583880737914,0.8984910977722593,0.0007543717115173202
39,0.9508973598480225,0.04140759082531148,0.007836437225341797,0.0011800685856554623,0.9040404040404041,0.05858585858585859,0.05252525252525253,3,319,0.8606060606060606,"{'colsample_bytree': 0.9040404040404041, 'gamma': 0.05858585858585859, 'learning_rate': 0.05252525252525253, 'max_depth': 3, 'n_estimators': 319, 'subsample': 0.8606060606060606}",0.8322844556324732,0.8393643801132787,0.8314977973568282,0.8366640440597954,0.8398111723052715,0.8359243698935295,0.0034736592067346806,48,0.8418692471088034,0.8434820234442609,0.8446227676815357,0.8451795618141054,0.8448648861267356,0.8440036972350882,0.001211245055187599
40,0.5904635429382324,0.02119136103145108,0.004373359680175781,0.000764244563690962,0.9343434343434344,0.09595959595959595,0.2924242424242424,2,225,0.703030303030303,"{'colsample_bytree': 0.9343434343434344, 'gamma': 0.09595959595959595, 'learning_rate': 0.2924242424242424, 'max_depth': 2, 'n_estimators': 225, 'subsample': 0.703030303030303}",0.8436123348017621,0.8475456261799874,0.8403083700440529,0.8508261211644375,0.8501966955153423,0.8464978295411164,0.004003725375818308,44,0.8559515380379199,0.8562268900951931,0.8568169302179215,0.8554458561145419,0.8549345081225662,0.8558751445176286,0.0006458492993408818
41,1.9287066459655762,0.12903535570650704,0.02355818748474121,0.0033261653091781183,0.7626262626262627,0.043434343434343436,0.2747474747474748,9,297,0.793939393939394,"{'colsample_bytree': 0.7626262626262627, 'gamma': 0.043434343434343436, 'learning_rate': 0.2747474747474748, 'max_depth': 9, 'n_estimators': 297, 'subsample': 0.793939393939394}",0.9505978602894902,0.947608558842039,0.9499685336689742,0.9430369787568843,0.946498819826908,0.9475421502768591,0.002706075349894839,2,0.993234206592715,0.9933128786090788,0.9928015105027141,0.993352476104315,0.9935491484089211,0.9932500440435488,0.0002471182280551059
42,1.4499191284179687,0.0551758058221989,0.016276979446411134,0.0009605069799327121,0.8383838383838385,0.05454545454545454,0.2368686868686869,9,222,0.7484848484848484,"{'colsample_bytree': 0.8383838383838385, 'gamma': 0.05454545454545454, 'learning_rate': 0.2368686868686869, 'max_depth': 9, 'n_estimators': 222, 'subsample': 0.7484848484848484}",0.9491818753933291,0.946507237256136,0.9491818753933291,0.9453973249409914,0.9466561762391817,0.9473848978445935,0.0015303611309216212,3,0.993234206592715,0.9932735426008968,0.9927228384863505,0.993352476104315,0.9934311450261574,0.9932028417620868,0.0002493585060453071
43,0.7683749675750733,0.0191461279808608,0.008935308456420899,0.0016010477708154713,0.6868686868686869,0.023232323232323233,0.22171717171717176,5,197,0.9090909090909091,"{'colsample_bytree': 0.6868686868686869, 'gamma': 0.023232323232323233, 'learning_rate': 0.22171717171717176, 'max_depth': 5, 'n_estimators': 197, 'subsample': 0.9090909090909091}",0.9118942731277533,0.9118942731277533,0.9122089364380114,0.9137686860739576,0.9158143194335169,0.9131160976401984,0.0015175588446575572,23,0.9472504130280859,0.9494532294862718,0.9476044371017229,0.9485898595759745,0.9460724540770169,0.9477940786538145,0.0011559910185835849
44,0.706315565109253,0.04491148130295967,0.0058232307434082035,0.001217273317578495,0.9292929292929293,0.0101010101010101,0.08787878787878789,2,300,0.8757575757575757,"{'colsample_bytree': 0.9292929292929293, 'gamma': 0.0101010101010101, 'learning_rate': 0.08787878787878789, 'max_depth': 2, 'n_estimators': 300, 'subsample': 0.8757575757575757}",0.8239458779106357,0.8281938325991189,0.81686595342983,0.825963808025177,0.8300550747442959,0.8250049093418115,0.004559759636818647,49,0.8310518448587837,0.8300291086460546,0.8328219652269687,0.8314911694135232,0.8302718011249656,0.8311331778540592,0.0009947577081032843
45,0.7746860027313233,0.015480676164032611,0.00772705078125,0.0011310961911386102,0.8484848484848485,0.0797979797979798,0.28232323232323236,4,247,0.8757575757575757,"{'colsample_bytree': 0.8484848484848485, 'gamma': 0.0797979797979798, 'learning_rate': 0.28232323232323236, 'max_depth': 4, 'n_estimators': 247, 'subsample': 0.8757575757575757}",0.9085903083700441,0.9032410320956576,0.907803650094399,0.9077891424075532,0.909362706530291,0.907357367899589,0.002138753969082523,25,0.9414286838171663,0.9421367319644403,0.9413500118008025,0.9416276599929198,0.9426503559768713,0.9418386887104401,0.0004897092579869523
46,0.8374611854553222,0.01412801406096409,0.0075016975402832035,0.0004531923317311266,0.6767676767676768,0.01818181818181818,0.2747474747474748,4,246,0.7575757575757576,"{'colsample_bytree': 0.6767676767676768, 'gamma': 0.01818181818181818, 'learning_rate': 0.2747474747474748, 'max_depth': 4, 'n_estimators': 246, 'subsample': 0.7575757575757576}",0.9030837004405287,0.9037130270610447,0.9026117054751416,0.9013375295043273,0.9068450039339103,0.9035181932829905,0.0018369228617254073,29,0.9369443788844308,0.9346628904098812,0.934741562426245,0.9351374739409196,0.9341934468788106,0.9351359505080575,0.0009526863513272352
47,0.591206407546997,0.06323241914982064,0.004220199584960937,0.0006037925242854076,0.9797979797979799,0.0707070707070707,0.17878787878787883,2,227,0.8151515151515152,"{'colsample_bytree': 0.9797979797979799, 'gamma': 0.0707070707070707, 'learning_rate': 0.17878787878787883, 'max_depth': 2, 'n_estimators': 227, 'subsample': 0.8151515151515152}",0.8333857772183764,0.842039018250472,0.8305538074260541,0.8366640440597954,0.8399685287175452,0.8365222351344487,0.004190261155371231,47,0.8437180394933522,0.8428526473133506,0.8452914798206278,0.8426621563151477,0.8434881799944932,0.8436025005873942,0.0009301179032774454
48,1.0072423934936523,0.03923287663398562,0.011147594451904297,0.0020208400034986106,0.9090909090909092,0.0,0.07525252525252527,5,250,0.7909090909090909,"{'colsample_bytree': 0.9090909090909092, 'gamma': 0.0, 'learning_rate': 0.07525252525252527, 'max_depth': 5, 'n_estimators': 250, 'subsample': 0.7909090909090909}",0.8900251730648207,0.8915984896161108,0.8895531780994336,0.8959874114870181,0.8940991345397324,0.892252677361423,0.0024509049905369726,32,0.9125560538116592,0.9162536385807568,0.9135787900243884,0.9146442198009677,0.9157062502458404,0.9145477904927224,0.0013540474308426532
49,2.0362765312194826,0.10969955215577855,0.023092937469482423,0.0031476107547965862,0.9696969696969697,0.04141414141414142,0.2974747474747475,8,351,0.7454545454545454,"{'colsample_bytree': 0.9696969696969697, 'gamma': 0.04141414141414142, 'learning_rate': 0.2974747474747475, 'max_depth': 8, 'n_estimators': 351, 'subsample': 0.7454545454545454}",0.948395217117684,0.9430459408432976,0.9499685336689742,0.9455546813532651,0.9450826121164437,0.9464093970199329,0.0024663604623128806,6,0.9932735426008968,0.9933128786090788,0.9928408465108961,0.993352476104315,0.9935491484089211,0.9932657784468215,0.00023266322304035832
